CONST.,TYPE,NGC DESIGNATION,OTHER NAME(S),R.A.,DEC.,MAG,MAX SZ,MIN SZ,Name catalog,Name number (with zeros),Name normalized,IC name,M name,Name number,Types_OpenNGC,Best_500
And,GAL,NGC205,M110,00 40.4,+41 41,8.1,19.5,11.5,M,110,M 110,,M 110,110,G,True
And,*'S,NGC206,Great Star Cloud in Andromeda Galaxy,00 40.5,+40 44,12.8,4.2,4.2,NGC,206,NGC 206,,,206,*Ass,True
And,GAL,NGC221,M32,00 42.7,+40 52,8.1,8.5,6.5,M,32,M 32,,M 32,32,G,True
And,GAL,NGC224,M31 ANDROMEDA GALAXY,00 42.7,+41 16,3.5,210.0,45.0,M,31,M 31,,M 31,31,G,True
And,GAL,NGC404,MIRACH'S GHOST,01 09.4,+35 43,10.3,4.3,3.9,NGC,404,NGC 404,,,404,G,True
And,GAL,NGC891,UGC 1831/The Silver Sliver Galaxy        ,02 22.6,+42 21,9.9,13.1,2.8,NGC,891,NGC 891,,,891,G,True
And,PN,NGC7662,Blue Snowball,23 25.9,+42 32,8.6,0.28,0.23,NGC,7662,NGC 7662,,,7662,PN,True
Aql,OC,NGC6709,OCL  100          ,18 51.5,+10 20,6.7,15.0,15.0,NGC,6709,NGC 6709,,,6709,OCl,True
Aql,OC,NGC6755,OCL   96          ,19 07.8,+04 16,7.5,15.0,15.0,NGC,6755,NGC 6755,,,6755,OCl,True
Aql,OC,NGC6756,OCL   99          ,19 08.7,+04 42,10.6,4.0,4.0,NGC,6756,NGC 6756,,,6756,OCl,True
Aql,PN,NGC6781,"GHOST OF THE MOON, The Snowglobe/HORSESHOE/EAGLE'S NEST",19 18.5,+06 32,11.8,1.9,1.82,NGC,6781,NGC 6781,,,6781,PN,True
Aql,PN,NGC6804,SNOWBALL NEBULA,19 31.6,+09 14,12.4,1.05,0.83,NGC,6804,NGC 6804,,,6804,PN,True
Aqr,GC,NGC6981,M72,20 53.5,-12 32,9.2,6.6,6.6,M,72,M 72,,M 72,72,GCl,True
Aqr,PN,NGC7009,SATURN NEBULA,21 04.2,-11 22,8.3,0.47,0.38,NGC,7009,NGC 7009,,,7009,PN,True
Aqr,GC,NGC7089,M2,21 33.5,-00 49,6.6,16.0,16.0,M,2,M 2,,M 2,2,GCl,True
Aqr,PN,NGC7293,The Helix Nebula/The Sunflower Nebula,22 29.6,-20 50,6.3,16.0,12.0,NGC,7293,NGC 7293,,,7293,PN,True
Aqr,GAL,NGC7606,MCG - 2-59- 12    ,23 19.1,-08 29,10.8,4.2,2.3,NGC,7606,NGC 7606,,,7606,G,True
Ari,GAL,NGC772,FIDDLEHEAD GALAXY,01 59.3,+19 00,10.3,7.5,4.3,NGC,772,NGC 772,,,772,G,True
Ari,GAL,NGC877,UGC 1768         ,02 18.0,+14 33,11.9,2.4,1.9,NGC,877,NGC 877,,,877,G,True
Ari,GAL,NGC972,UGC 2045         ,02 34.2,+29 19,11.4,3.3,1.6,NGC,972,NGC 972,,,972,G,True
Aur,OC,NGC1664,OCL  411          ,04 51.1,+43 41,7.6,18.0,18.0,NGC,1664,NGC 1664,,,1664,OCl,True
Aur,OC,NGC1778,OCL  429          ,05 08.1,+37 01,7.7,8.0,8.0,NGC,1778,NGC 1778,,,1778,OCl,True
Aur,OC,NGC1798,OCL  410          ,05 11.7,+47 42,10,5.0,5.0,NGC,1798,NGC 1798,,,1798,OCl,True
Aur,OC,NGC1857,OCL  428          ,05 20.1,+39 21,7,10.0,10.0,NGC,1857,NGC 1857,,,1857,OCl,True
Aur,BN,IC410,1893,05 22.7,+33 25,7.5,30.0,30.0,IC,410,IC 410,IC 410,,410,Neb,True
Aur,OC,NGC1893,IC 410           ,05 22.8,+33 25,7.5,25.0,25.0,NGC,1893,NGC 1893,,,1893,OCl,True
Aur,OC,NGC1883,OCL  417          ,05 25.9,+46 29,12,5.0,5.0,NGC,1883,NGC 1883,,,1883,OCl,True
Aur,OC,NGC1907,OCL  434          ,05 28.1,+35 20,8.2,5.0,5.0,NGC,1907,NGC 1907,,,1907,OCl,True
Aur,OC,NGC1912,M38,05 28.7,+35 51,6.4,15.0,15.0,M,38,M 38,,M 38,38,OCl,True
Aur,N+CL,NGC1931,THE FLY,05 31.4,+34 15,10.1,6.0,3.0,NGC,1931,NGC 1931,,,1931,Cl+N,True
Aur,OC,NGC1960,M36,05 36.3,+34 08,6,10.0,10.0,M,36,M 36,,M 36,36,OCl,True
Aur,OC,NGC2099,M37/Salt & Pepper Cluster,05 52.3,+32 33,5.6,15.0,15.0,M,37,M 37,,M 37,37,OCl,True
Aur,PN,IC2149,PK166+10.1       ,05 56.4,+46 06,10,0.2,0.1,IC,2149,IC 2149,IC 2149,,2149,PN,True
Aur,OC,NGC2126,OCL  418          ,06 02.6,+49 52,10.2,6.0,6.0,NGC,2126,NGC 2126,,,2126,OCl,True
Aur,OC,NGC2192,OCL  437          ,06 15.3,+39 51,10.9,5.0,5.0,NGC,2192,NGC 2192,,,2192,OCl,True
Aur,OC,NGC2281,THE BROKEN HEART CLUSTER,06 48.3,+41 05,5.4,25.0,25.0,NGC,2281,NGC 2281,,,2281,OCl,True
Boo,GAL,NGC5248,UGC 8616         ,13 37.5,+08 53,10.3,5.9,4.5,NGC,5248,NGC 5248,,,5248,G,True
Boo,GC,NGC5466,nan,14 05.5,+28 32,9.2,9.0,9.0,NGC,5466,NGC 5466,,,5466,GCl,True
Boo,GAL,NGC5676,UGC 9366         ,14 32.8,+49 27,11.2,3.9,1.8,NGC,5676,NGC 5676,,,5676,G,True
Boo,GAL,NGC5689,UGC 9399         ,14 35.5,+48 44,11.9,3.3,1.0,NGC,5689,NGC 5689,,,5689,G,True
Cam,PN,NGC1501,"OYSTER NEBULA, The Camel's Eye",04 07.0,+60 55,12,0.93,0.8,NGC,1501,NGC 1501,,,1501,PN,True
Cam,OC,NGC1502,JOLLY ROGER CLUSTER/GOLDEN HARP CLUSTER,04 07.8,+62 20,6.9,20.0,20.0,NGC,1502,NGC 1502,,,1502,OCl,True
Cam,GAL,NGC2146,"3C120,DUSTY HAND GALAXY""       ",06 18.6,+78 21,10.6,5.7,3.3,NGC,2146,NGC 2146,,,2146,G,True
Cam,GAL,NGC2268,UGC 3653         ,07 14.3,+84 23,11.5,3.3,2.0,NGC,2268,NGC 2268,,,2268,G,True
Cam,GAL,NGC2336,UGC 3809         ,07 27.1,+80 11,10.4,6.8,3.7,NGC,2336,NGC 2336,,,2336,G,True
Cam,GAL,NGC2403,UGC 3918         ,07 36.8,+65 36,8.5,23.4,11.8,NGC,2403,NGC 2403,,,2403,G,True
Cam,GAL,NGC2655,UGC 4637         ,08 55.6,+78 13,10.1,4.9,4.1,NGC,2655,NGC 2655,,,2655,G,True
Cam,PN,IC3568,"THEORITICIAN'S NEBULA,Lemon Slice Neb.,Baby Eskimo",12 33.1,+82 34,10.6,0.3,0.3,IC,3568,IC 3568,IC 3568,,3568,PN,True
Cap,GC,NGC7099,M30 JELLYFISH CLUSTER,21 40.4,-23 11,6.9,12.0,12.0,M,30,M 30,,M 30,30,GCl,True
Cas,GAL,IC10,UGC 192         ,00 20.4,+59 18,13.3,6.4,5.3,IC,10,IC 10,IC 10,,10,G,True
Cas,GAL,NGC147,"UGC 326,D3      ",00 33.2,+48 30,9.5,13.5,8.2,NGC,147,NGC 147,,,147,G,True
Cas,GAL,NGC185,UGC 396         ,00 39.0,+48 20,9.2,12.5,10.4,NGC,185,NGC 185,,,185,G,True
Cas,OC,NGC189,OCL  301          ,00 39.6,+61 06,8.8,5.0,5.0,NGC,189,NGC 189,,,189,OCl,True
Cas,OC,NGC225,SAILBOAT CLUSTER,00 43.6,+61 46,7,12.0,12.0,NGC,225,NGC 225,,,225,OCl,True
Cas,GAL,NGC278,UGC 528         ,00 52.1,+47 33,10.8,2.4,2.4,NGC,278,NGC 278,,,278,G,True
Cas,N+CL,NGC281,"IC  11, PacMan Nebula w/OC IC1590""  ",00 53.0,+56 37,7.4,4.0,4.0,NGC,281,NGC 281,,,281,Cl+N,True
Cas,OC,NGC381,OCL  317          ,01 08.3,+61 35,9.3,7.0,7.0,NGC,381,NGC 381,,,381,OCl,True
Cas,OC,NGC436,OCL  320          ,01 16.0,+58 49,8.8,5.0,5.0,NGC,436,NGC 436,,,436,OCl,True
Cas,OC,NGC457,OWL Cluster/ET Cluster,01 19.5,+58 17,6.4,20.0,20.0,NGC,457,NGC 457,,,457,OCl,True
Cas,OC,NGC581,M103,01 33.4,+60 39,7.4,6.0,6.0,M,103,M 103,,M 103,103,OCl,True
Cas,OC,Trumpler1,Collinder  15            ,01 35.7,+61 17,8.1,3.0,3.0,Trumpler,1,Trumpler 1,,,1,OCl,True
Cas,OC,NGC637,OCL  329          ,01 43.1,+64 02,8.2,3.0,3.0,NGC,637,NGC 637,,,637,OCl,True
Cas,OC,NGC654,FUZZY BUTTERFLY,01 44.0,+61 53,6.5,6.0,6.0,NGC,654,NGC 654,,,654,OCl,True
Cas,OC,NGC659,OCL  332          ,01 44.4,+60 40,7.9,6.0,6.0,NGC,659,NGC 659,,,659,OCl,True
Cas,OC,NGC663,OCL  333/Lawnmower cluster       ,01 46.3,+61 13,7.1,15.0,15.0,NGC,663,NGC 663,,,663,OCl,True
Cas,OC,NGC743,OCL  343          ,01 58.5,+60 10,9.5,7.0,7.0,NGC,743,NGC 743,,,743,OCl,True
Cas,N+CL,IC1805,The Heart Nebula/The Running Dog Nebula/Valentine Nebula,02 32.7,+61 27,6.5,20.0,20.0,IC,1805,IC 1805,IC 1805,,1805,Cl+N,True
Cas,OC,NGC7654,M52 THE SCORPION CLUSTER,23 24.9,+61 36,6.9,16.0,16.0,M,52,M 52,,M 52,52,OCl,True
Cas,OC,NGC7789,Ghost cluster/Star Mist cluster/Caroline's cluster,23 57.5,+56 43,6.7,25.0,25.0,NGC,7789,NGC 7789,,,7789,OCl,True
Cas,OC,NGC7790,THE WIDOW'S WEB CLUSTER,23 58.4,+61 13,8.5,5.0,5.0,NGC,7790,NGC 7790,,,7790,OCl,True
Cen,GAL,NGC5102,IOTA'S GHOST,13 22.0,-36 38,9.3,8.3,3.5,NGC,5102,NGC 5102,,,5102,G,True
Cep,PN,NGC40,"Bow Tie Nebula, The Scarab Nebula",00 13.0,+72 31,10.7,1.0,0.67,NGC,40,NGC 40,,,40,PN,True
Cep,OC,NGC188,POLARISSIMA CLUSTER,00 47.5,+85 14,8.1,15.0,15.0,NGC,188,NGC 188,,,188,OCl,True
Cep,OC,NGC6939,GHOST BUSH CLUSTER/FLYING GEESE CLUSTER,20 31.5,+60 40,7.8,10.0,10.0,NGC,6939,NGC 6939,,,6939,OCl,True
Cep,GAL,NGC6946,"UGC 11597(actually in Cygnus, but forms pair with 6939)""  ",20 34.9,+60 09,8.8,11.2,9.8,NGC,6946,NGC 6946,,,6946,G,True
Cep,OC,NGC7160,THE BRUCE LEE CLUSTER,21 53.7,+62 36,6.1,5.0,5.0,NGC,7160,NGC 7160,,,7160,OCl,True
Cep,OC,Berkeley94,                  ,22 22.9,+55 53,8.7,3.0,3.0,Berkeley,94,Berkeley 94,,,94,OCl,True
Cep,OC,NGC7380,OCL  244          ,22 47.4,+58 08,7.2,20.0,20.0,NGC,7380,NGC 7380,,,7380,OCl,True
Cep,OC,King10,                  ,22 55.0,+59 10,?,4.0,4.0,King,10,King 10,,,10,OCl,True
Cep,OC,NGC7423,Berkeley   57          ,22 55.1,+57 06,15,5.0,5.0,NGC,7423,NGC 7423,,,7423,OCl,True
Cep,OC,NGC7510,THE DORMOUSE CLUSTER/The Arrowhead cluster,23 11.1,+60 34,7.9,7.0,7.0,NGC,7510,NGC 7510,,,7510,OCl,True
Cep,OC,NGC7762,OCL  280          ,23 49.9,+68 01,10,15.0,15.0,NGC,7762,NGC 7762,,,7762,OCl,True
Cet,GAL,NGC157,MCG - 2- 2- 56    ,00 34.8,-08 24,10.4,4.1,2.7,NGC,157,NGC 157,,,157,G,True
Cet,PN,NGC246,SKULL NEBULA/The Soap Bubble Nebula/VOODOO MASK,00 47.1,-11 52,8.5,4.0,3.5,NGC,246,NGC 246,,,246,PN,True
Cet,GAL,NGC247,ESO 540-22        ,00 47.1,-20 46,9.1,21.0,5.6,NGC,247,NGC 247,,,247,G,True
Cet,GAL,NGC578,ESO 476-15        ,01 30.5,-22 40,10.9,4.8,3.0,NGC,578,NGC 578,,,578,G,True
Cet,GAL,NGC584,LITTLE SPINDLE GALAXY,01 31.3,-06 52,10.4,3.8,2.4,NGC,584,NGC 584,,,584,G,True
Cet,GAL,NGC864,UGC 1736         ,02 15.5,+06 00,10.9,4.7,3.2,NGC,864,NGC 864,,,864,G,True
Cet,GAL,NGC908,ESO 545-11        ,02 23.1,-21 14,10.2,6.1,2.7,NGC,908,NGC 908,,,908,G,True
Cet,GAL,NGC955,UGC 1986         ,02 30.6,-01 07,12,2.9,0.9,NGC,955,NGC 955,,,955,G,True
Cet,GAL,NGC1068,M77,02 42.7,-00 01,8.9,7.3,6.3,M,77,M 77,,M 77,77,G,True
Cet,GAL,NGC1087,UGC 2245         ,02 46.4,-00 30,10.9,3.9,2.3,NGC,1087,NGC 1087,,,1087,G,True
Cma,OC,NGC2204,OCL  572          ,06 15.5,-18 40,8.6,10.0,10.0,NGC,2204,NGC 2204,,,2204,OCl,True
Cma,GAL,NGC2207,ESO 556- 8        ,06 16.4,-21 22,10.8,4.2,2.6,NGC,2207,NGC 2207,,,2207,G,True
Cma,GAL,IC2163,colliding w/2207,06 16.5,-21 23,11.6,3.0,1.2,IC,2163,IC 2163,IC 2163,,2163,G,True
Cma,GAL,NGC2217,ESO 489-42        ,06 21.7,-27 14,10.7,4.7,4.3,NGC,2217,NGC 2217,,,2217,G,True
Cma,OC,NGC2287,M41 LITTLE BEEHIVE CLUSTER,06 46.1,-20 46,4.5,39.0,39.0,M,41,M 41,,M 41,41,OCl,True
Cma,OC,NGC2345,OCL  575          ,07 08.3,-13 12,7.7,12.0,12.0,NGC,2345,NGC 2345,,,2345,OCl,True
Cma,OC,NGC2354,OCL  639          ,07 14.3,-25 42,6.5,18.0,18.0,NGC,2354,NGC 2354,,,2354,OCl,True
Cma,OC,NGC2360,OCL  589          ,07 17.7,-15 38,7.2,14.0,14.0,NGC,2360,NGC 2360,,,2360,OCl,True
Cma,BN,NGC2359,"LBN 1041/Thor's Helmet, The Whistle, IC468,DUCK NEB,WHISTLE NEB,HEAD & SHOULDERS NEB.",07 18.5,-13 14,10,13.0,11.0,NGC,2359,NGC 2359,,,2359,Neb,True
Cma,OC,NGC2362,"Mexican Jumping Star Cluster/PIRATE'S JEWELS,NORTHERN JEWEL BOX,ARKENSTONE,",07 18.7,-24 57,3.8,6.0,6.0,NGC,2362,NGC 2362,,,2362,OCl,True
Cma,OC,NGC2374,OCL  585          ,07 23.9,-13 16,8,12.0,12.0,NGC,2374,NGC 2374,,,2374,OCl,True
Cnc,OC,NGC2682,M67 KING COBRA CLUSTER,08 51.3,+11 49,6.9,25.0,25.0,M,67,M 67,,M 67,67,OCl,True
Com,GC,NGC4147,nan,12 10.1,+18 33,10.4,4.4,4.4,NGC,4147,NGC 4147,,,4147,GCl,True
Com,GAL,NGC4192,M98,12 13.8,+14 54,10.1,9.4,2.3,M,98,M 98,,M 98,98,G,True
Com,GAL,NGC4254,M99/St.Katherine's Wheel/COMA PINWHEEL,12 18.8,+14 25,9.9,5.3,4.6,M,99,M 99,,M 99,99,G,True
Com,GAL,NGC4274,UGC 7377         ,12 19.8,+29 37,10.4,6.8,2.4,NGC,4274,NGC 4274,,,4274,G,True
Com,GAL,NGC4278,UGC 7386         ,12 20.1,+29 17,10.2,4.0,3.9,NGC,4278,NGC 4278,,,4278,G,True
Com,GAL,NGC4314,UGC 7443         ,12 22.5,+29 54,10.6,3.9,3.7,NGC,4314,NGC 4314,,,4314,G,True
Com,GAL,NGC4321,M100 THE MIRROR GALAXY,12 22.9,+15 49,9.4,7.5,6.1,M,100,M 100,,M 100,100,G,True
Com,GAL,NGC4382,M85,12 25.4,+18 11,9.1,7.4,5.9,M,85,M 85,,M 85,85,G,True
Com,GAL,NGC4414,UGC 7539         ,12 26.5,+31 13,10.1,3.6,2.0,NGC,4414,NGC 4414,,,4414,G,True
Com,GAL,NGC4450,UGC 7594         ,12 28.5,+17 05,10.1,5.4,4.1,NGC,4450,NGC 4450,,,4450,G,True
Com,GAL,NGC4494,UGC 7662         ,12 31.4,+25 46,9.8,4.5,4.3,NGC,4494,NGC 4494,,,4494,G,True
Com,GAL,NGC4501,M88,12 32.0,+14 25,9.6,6.8,3.7,M,88,M 88,,M 88,88,G,True
Com,GAL,NGC4548,M91,12 35.4,+14 30,10.1,5.2,4.2,M,91,M 91,,M 91,91,G,True
Com,GAL,NGC4559,UGC 7766/KOI FISH GAL.      ,12 36.0,+27 58,10,11.0,4.9,NGC,4559,NGC 4559,,,4559,G,True
Com,GAL,NGC4565,THE NEEDLE GALAXY/FLYING SAUCER GALAXY,12 36.3,+25 59,9.6,14.9,2.0,NGC,4565,NGC 4565,,,4565,G,True
Com,GAL,NGC4710,UGC 7980         ,12 49.6,+15 10,11,4.9,1.6,NGC,4710,NGC 4710,,,4710,G,True
Com,GAL,NGC4725,UGC 7989 /TI-FIGHTER GAL        ,12 50.4,+25 30,9.4,10.4,7.2,NGC,4725,NGC 4725,,,4725,G,True
Com,GAL,NGC4826,M64 BLACK EYE GALAXY/SLEEPING BEAUTY GAL.,12 56.7,+21 41,8.5,10.3,5.0,M,64,M 64,,M 64,64,G,True
Com,GC,NGC5024,M53,13 12.9,+18 10,7.7,13.0,13.0,M,53,M 53,,M 53,53,GCl,True
Com,GC,NGC5053,nan,13 16.5,+17 42,9,10.0,10.0,NGC,5053,NGC 5053,,,5053,GCl,True
Cra,BN,NGC6726,ESO 396-N13       ,19 01.7,-36 53,?,2.0,2.0,NGC,6726,NGC 6726,,,6726,Neb,True
Crt,GAL,NGC3511,ESO 502-13        ,11 03.4,-23 05,11,6.0,2.1,NGC,3511,NGC 3511,,,3511,G,True
Crt,GAL,NGC3672,MCG - 2-29- 28    ,11 25.0,-09 48,11.4,4.0,1.8,NGC,3672,NGC 3672,,,3672,G,True
Crt,GAL,NGC3887,MCG - 3-30- 12    ,11 47.1,-16 51,10.6,3.5,2.7,NGC,3887,NGC 3887,,,3887,G,True
Crt,GAL,NGC3955,ESO 504-26        ,11 54.0,-23 10,11.9,3.1,1.0,NGC,3955,NGC 3955,,,3955,G,True
Crt,GAL,NGC3962,MCG - 2-30- 40    ,11 54.7,-13 59,10.7,3.4,2.8,NGC,3962,NGC 3962,,,3962,G,True
Crv,GAL,NGC4027,ESO 572-37        ,11 59.5,-19 16,11.1,3.3,2.4,NGC,4027,NGC 4027,,,4027,G,True
Crv,GAL,NGC4038,Antennae/RINGTAIL GALAXIES/MOSQUITO LARVAE/PUPA/COMMA GALS,12 01.9,-18 52,10.3,3.4,2.0,NGC,4038,NGC 4038,,,4038,G,True
Crv,GAL,NGC4039,Antennae/RINGTAIL GALAXIES/MOSQUITO LARVAE/PUPA/COMMA GALS,12 01.9,-18 53,10.6,3.3,1.7,NGC,4039,NGC 4039,,,4039,G,True
Crv,PN,NGC4361,"ESO 573-PN19 ,LAWN SPRINKLER""    ",12 24.5,-18 47,10.9,1.33,1.33,NGC,4361,NGC 4361,,,4361,PN,True
Crv,GAL,NGC4782,MCG - 2-33- 50    ,12 54.6,-12 34,11.7,2.3,1.3,NGC,4782,NGC 4782,,,4782,G,True
Crv,GAL,NGC4783,"3C278,H I 136     ",12 54.6,-12 34,11.5,2.3,1.3,NGC,4783,NGC 4783,,,4783,G,True
Cvn,GAL,NGC4111,UGC 7103         ,12 07.0,+43 04,10.7,4.6,1.0,NGC,4111,NGC 4111,,,4111,G,True
Cvn,GAL,NGC4214,NGC4228,12 15.6,+36 20,9.1,9.6,8.1,NGC,4214,NGC 4214,,,4214,G,True
Cvn,GAL,NGC4244,UGC 7322/Silver Needle Galaxy/SHERMAN WAY GAL. ,12 17.5,+37 48,10.4,15.9,1.8,NGC,4244,NGC 4244,,,4244,G,True
Cvn,GAL,NGC4258,M106,12 19.0,+47 18,8.4,17.4,6.6,M,106,M 106,,M 106,106,G,True
Cvn,GAL,NGC4346,UGC 7463         ,12 23.5,+47 00,11.1,3.2,1.3,NGC,4346,NGC 4346,,,4346,G,True
Cvn,GAL,NGC4449,UGC 7592/THE BOX GALAXY     ,12 28.2,+44 06,9.6,6.2,4.9,NGC,4449,NGC 4449,,,4449,G,True
Cvn,GAL,NGC4485,UGC 7648./COCOON GAL.      ,12 30.5,+41 42,11.9,2.4,1.8,NGC,4485,NGC 4485,,,4485,G,True
Cvn,GAL,NGC4490,COCOON GALAXY,12 30.6,+41 39,9.8,6.4,3.2,NGC,4490,NGC 4490,,,4490,G,True
Cvn,GAL,NGC4618,IC 3667           ,12 41.6,+41 09,10.8,4.2,3.4,NGC,4618,NGC 4618,,,4618,G,True
Cvn,GAL,NGC4625,IC 3675           ,12 41.9,+41 16,12.4,2.3,1.9,NGC,4625,NGC 4625,,,4625,G,True
Cvn,GAL,NGC4627,"UGC 7860  immediately adjacent to 4631, THE CLUB W/4631/THE PUP""    ",12 42.0,+32 34,12.4,2.2,1.7,NGC,4627,NGC 4627,,,4627,G,True
Cvn,GAL,NGC4631,THE WHALE GALAXY,12 42.1,+32 32,9.2,15.2,2.8,NGC,4631,NGC 4631,,,4631,G,True
Cvn,GAL,NGC4656/4657,HOCKEY STICK GALAXY/FISHHOOK GALAXY,12 44.0,+32 10,10.5,15.3,2.4,NGC,4656,NGC 4656,,,4656,G,True
Cvn,GAL,NGC4736,M94 CROC'S EYE GALAXY,12 50.9,+41 07,8.2,12.3,10.8,M,94,M 94,,M 94,94,G,True
Cvn,GAL,NGC5005,UGC 8256         ,13 10.9,+37 03,9.8,5.8,2.9,NGC,5005,NGC 5005,,,5005,G,True
Cvn,GAL,NGC5055,M63 SUNFLOWER GALAXY,13 15.8,+42 02,8.6,12.6,7.5,M,63,M 63,,M 63,63,G,True
Cvn,GAL,NGC5194,M51 The Whirlpool galaxy,13 29.9,+47 12,8.4,10.8,6.6,M,51,M 51,,M 51,51,G,True
Cvn,GAL,NGC5195,UGC 8494         ,13 30.0,+47 16,9.6,5.9,4.6,NGC,5195,NGC 5195,,,5195,G,True
Cvn,GC,NGC5272,M3,13 42.2,+28 23,6.3,18.0,18.0,M,3,M 3,,M 3,3,GCl,True
Cyg,OC,NGC6811,THE SMOKE RING CLUSTER,19 37.2,+46 23,6.8,15.0,15.0,NGC,6811,NGC 6811,,,6811,OCl,True
Cyg,OC,NGC6819,OCL  155/FOXHEAD NEB          ,19 41.3,+40 11,7.3,5.0,5.0,NGC,6819,NGC 6819,,,6819,OCl,True
Cyg,PN,NGC6826,Blinking Planetary,19 44.8,+50 32,8.8,0.45,0.4,NGC,6826,NGC 6826,,,6826,PN,True
Cyg,OC,NGC6834,OCL  134          ,19 52.2,+29 24,7.8,6.0,6.0,NGC,6834,NGC 6834,,,6834,OCl,True
Cyg,OC,NGC6866,KITE CLUSTER,20 03.9,+44 09,7.6,20.0,10.0,NGC,6866,NGC 6866,,,6866,OCl,True
Cyg,OC,IC 1310,Berkeley 50,20 10.0,+34 58,?,4.0,4.0,IC, 1310,IC  1310,IC  1310,,1310,OCl,True
Cyg,BN,NGC6888,THE CRESCENT NEBULA/THE EAR NEBULA,20 12.8,+38 19,10.0p,20.0,10.0,NGC,6888,NGC 6888,,,6888,Neb,True
Cyg,OC,NGC6910,THE INCHWORM CLUSTER,20 23.2,+40 47,7.4,10.0,10.0,NGC,6910,NGC 6910,,,6910,OCl,True
Cyg,OC,NGC6913,M29/Cooling Tower Cluster,20 24.1,+38 30,6.6,10.0,10.0,M,29,M 29,,M 29,29,OCl,True
Cyg,SNR,NGC6992/6995/6960/6979,"VEIL NEBULA/THE WITCH BROOM,BRIDALVEIL, ETC",20 56.4,+31 43,7,60.0,8.0,NGC,6992,NGC 6992,,,6992,SNR,True
Cyg,PN,NGC7008,COAT BUTTON NEBULA (Fetus Nebula),21 00.5,+54 33,12,1.43,1.15,NGC,7008,NGC 7008,,,7008,PN,True
Cyg,PN,NGC7026,CHEESEBURGER NEBULA,21 06.3,+47 51,12,0.42,0.15,NGC,7026,NGC 7026,,,7026,PN,True
Cyg,PN,NGC7027,PINK PILLOW NEBULA/MAGIC CARPET NEB/green rectangle,21 07.0,+42 14,9.6,0.3,0.18,NGC,7027,NGC 7027,,,7027,PN,True
Cyg,OC,NGC7044,OCL  198          ,21 13.1,+42 29,12,7.0,7.0,NGC,7044,NGC 7044,,,7044,OCl,True
Cyg,OC,NGC7063,OCL  192          ,21 24.5,+36 30,7,9.0,9.0,NGC,7063,NGC 7063,,,7063,OCl,True
Cyg,OC,NGC7086,OCL  214          ,21 30.5,+51 36,8.4,12.0,12.0,NGC,7086,NGC 7086,,,7086,OCl,True
Cyg,OC,NGC7092,M39,21 31.9,+48 26,4.6,31.0,31.0,M,39,M 39,,M 39,39,OCl,True
Del,PN,NGC6891,PK54-12.1        ,20 15.1,+12 42,10.5,0.26,0.12,NGC,6891,NGC 6891,,,6891,PN,True
Del,PN,NGC6905,BLUE FLASH NEBULA,20 22.4,+20 06,12,0.73,0.63,NGC,6905,NGC 6905,,,6905,PN,True
Del,GC,NGC6934,GCL 117           ,20 34.2,+07 24,8.9,7.1,7.1,NGC,6934,NGC 6934,,,6934,GCl,True
Del,GC,NGC7006,GCL 119           ,21 01.5,+16 11,10.6,3.6,3.6,NGC,7006,NGC 7006,,,7006,GCl,True
Dra,GAL,NGC5866,M102 FOOL'S GOLD GALAXY/THE SPINDLE,15 06.5,+55 46,9.9,5.2,2.3,M,102,M 102,,M 102,102,G,True
Dra,GAL,NGC5907,SPLINTER GAL./CAT SCRATCH GAL./KNIFE EDGE GAL.,15 15.9,+56 20,10.3,11.8,1.3,NGC,5907,NGC 5907,,,5907,G,True
Dra,GAL,NGC6015,UGC 10075         ,15 51.4,+62 18,11.1,5.4,2.1,NGC,6015,NGC 6015,,,6015,G,True
Dra,GAL,NGC6140,UGC 10359         ,16 21.0,+65 23,11.3,6.3,4.6,NGC,6140,NGC 6140,,,6140,G,True
Dra,GAL,NGC6503,LOST IN SPACE GALAXY,17 49.5,+70 09,10.2,7.0,2.5,NGC,6503,NGC 6503,,,6503,G,True
Dra,PN,NGC6543,CATSEYE NEBULA,17 58.6,+66 38,8.3,0.37,0.27,NGC,6543,NGC 6543,,,6543,PN,True
Dra,GAL,NGC6643,UGC 11218         ,18 19.8,+74 34,11.1,3.7,1.8,NGC,6643,NGC 6643,,,6643,G,True
Equ,GAL,NGC7015,UGC 11674         ,21 05.6,+11 25,12.5,1.8,1.6,NGC,7015,NGC 7015,,,7015,G,True
Eri,GAL,NGC1187,ESO 480-23        ,03 02.6,-22 52,10.8,5.6,3.8,NGC,1187,NGC 1187,,,1187,G,True
Eri,GAL,NGC1232,EYE OF GOD GALAXY,03 09.8,-20 35,9.9,7.1,6.3,NGC,1232,NGC 1232,,,1232,G,True
Eri,GAL,NGC1300,ESO 547-31        ,03 19.7,-19 25,10.4,5.9,4.1,NGC,1300,NGC 1300,,,1300,G,True
Eri,GAL,NGC1332,ESO 548-18        ,03 26.3,-21 20,10.3,4.0,1.5,NGC,1332,NGC 1332,,,1332,G,True
Eri,GAL,NGC1331,IC 324           ,03 26.5,-21 21,13.4,0.9,0.9,NGC,1331,NGC 1331,,,1331,G,True
Eri,GAL,NGC1395,ESO 482-19        ,03 38.5,-23 02,9.6,5.6,4.6,NGC,1395,NGC 1395,,,1395,G,True
Eri,GAL,NGC1400,ESO 548-62        ,03 39.5,-18 41,11,2.5,2.1,NGC,1400,NGC 1400,,,1400,G,True
Eri,GAL,NGC1407,ESO 548-67        ,03 40.2,-18 35,9.7,4.9,4.5,NGC,1407,NGC 1407,,,1407,G,True
Eri,GAL,NGC1421,MCG - 2-10-  8    ,03 42.5,-13 29,11.4,3.4,0.8,NGC,1421,NGC 1421,,,1421,G,True
Eri,GAL,NGC1507,UGC 2947         ,04 04.5,-02 11,12.3,3.6,1.0,NGC,1507,NGC 1507,,,1507,G,True
Eri,GAL,NGC1531,ESO 359-26        ,04 12.0,-32 51,12.2,1.2,0.9,NGC,1531,NGC 1531,,,1531,G,True
Eri,GAL,NGC1532,ESO 359-27        ,04 12.1,-32 52,9.9,11.6,3.4,NGC,1532,NGC 1532,,,1532,G,True
Eri,PN,NGC1535,"CLEOPATRA'S EYE, THE ESKIMO'S WIFE",04 14.3,-12 44,10.4,0.33,0.28,NGC,1535,NGC 1535,,,1535,PN,True
For,GAL,NGC1316,FORNAX A elliptical,03 22.7,-37 12,8.2,13.5,9.3,NGC,1316,NGC 1316,,,1316,G,True
For,PN,NGC1360,COMET PLANETARY,03 33.2,-25 52,9.4,6.0,4.5,NGC,1360,NGC 1360,,,1360,PN,True
For,GAL,NGC1365,ESO 358-17        ,03 33.6,-36 08,9.6,11.0,6.2,NGC,1365,NGC 1365,,,1365,G,True
For,GAL,NGC1369,ESO 358-G034      ,03 36.8,-36 15,12.7,1.5,1.4,NGC,1369,NGC 1369,,,1369,G,True
For,GAL,NGC1399,ESO 358-45        ,03 38.5,-35 27,9.6,6.6,6.1,NGC,1399,NGC 1399,,,1399,G,True
For,GAL,NGC1398,nan,03 38.9,-26 20,9.5,7.6,5.3,NGC,1398,NGC 1398,,,1398,G,True
For,GAL,NGC1404,ESO 358-46        ,03 38.9,-35 36,10,3.9,3.3,NGC,1404,NGC 1404,,,1404,G,True
Gem,OC,NGC2129,OCL  467          ,06 01.1,+23 19,6.7,6.0,6.0,NGC,2129,NGC 2129,,,2129,OCl,True
Gem,OC,NGC2158,OCL  468          ,06 07.4,+24 06,8.6,5.0,5.0,NGC,2158,NGC 2158,,,2158,OCl,True
Gem,OC,NGC2168,M35,06 09.0,+24 21,5.1,25.0,25.0,M,35,M 35,,M 35,35,OCl,True
Gem,OC,NGC2266,OCL  471          ,06 43.3,+26 58,9.5,5.0,5.0,NGC,2266,NGC 2266,,,2266,OCl,True
Gem,OC,NGC2355,2356,07 17.0,+13 45,9.7,8.0,8.0,NGC,2355,NGC 2355,,,2355,OCl,True
Gem,PN,NGC2371/2372,"THE ANT NEB.,DOUBLE BUBBLE NEB.,PEANUT NEB.,Dogbone Neb.",07 25.6,+29 29,13,1.23,0.9,NGC,2371,NGC 2371,,,2371,PN,True
Gem,PN,NGC2392,PK197+17.1/Clown face Nebula/Eskimo Nebula,07 29.2,+20 55,8.6,0.78,0.72,NGC,2392,NGC 2392,,,2392,PN,True
Gem,OC,NGC2420,TWINKLING COMET CLUSTER,07 38.4,+21 34,8.3,6.0,6.0,NGC,2420,NGC 2420,,,2420,OCl,True
Her,PN,IC4593,WHITE-EYED PEA NEBULA,16 11.7,+12 04,11,0.21,0.17,IC,4593,IC 4593,IC 4593,,4593,PN,True
Her,GC,NGC6205,M13 HERCULES CLUST.(DARK LANES=THE PROPELLOR,16 41.7,+36 28,5.8,20.0,20.0,M,13,M 13,,M 13,13,GCl,True
Her,GAL,NGC6207,UGC 10521         ,16 43.1,+36 50,11.6,3.0,1.2,NGC,6207,NGC 6207,,,6207,G,True
Her,PN,NGC6210,TURTLE NEBULA,16 44.5,+23 48,9.7,0.33,0.22,NGC,6210,NGC 6210,,,6210,PN,True
Her,GC,NGC6341,M92,17 17.1,+43 08,6.5,14.0,14.0,M,92,M 92,,M 92,92,GCl,True
Hya,OC,NGC2548,M48,08 13.7,-05 45,5.8,30.0,30.0,M,48,M 48,,M 48,48,OCl,True
Hya,PN,NGC2610,PK239+13.1       ,08 33.4,-16 09,13,0.83,0.78,NGC,2610,NGC 2610,,,2610,PN,True
Hya,GAL,NGC2815,ESO 497-32        ,09 16.3,-23 38,11.9,3.5,1.1,NGC,2815,NGC 2815,,,2815,G,True
Hya,GAL,NGC3091,ESO 566-41        ,10 00.2,-19 38,11.1,3.0,1.9,NGC,3091,NGC 3091,,,3091,G,True
Hya,GAL,NGC3109,ESO 499-36        ,10 03.1,-26 10,9.9,19.7,3.4,NGC,3109,NGC 3109,,,3109,G,True
Hya,PN,NGC3242,THE GHOST OF JUPITER/The CBS Eye/DIAMOND NEB.,10 24.8,-18 39,8.6,0.67,0.58,NGC,3242,NGC 3242,,,3242,PN,True
Hya,GAL,NGC3621,FRAME GALAXY,11 18.3,-32 49,8.5,9.8,4.6,NGC,3621,NGC 3621,,,3621,G,True
Hya,GC,NGC4590,M68,12 39.5,-26 45,7.3,11.0,11.0,M,68,M 68,,M 68,68,GCl,True
Hya,GAL,NGC5236,"M83 SEASHELL GALAXY, SOUTHERN PINWHEEL",13 37.0,-29 52,7.5,13.1,12.2,M,83,M 83,,M 83,83,G,True
Lac,OC,NGC7209,THE STAR LIZARD CLUSTER/drunken lizard cluster,22 05.1,+46 29,7.7,15.0,15.0,NGC,7209,NGC 7209,,,7209,OCl,True
Lac,OC,IC1434,Collinder 445            ,22 10.5,+52 50,9,7.0,7.0,IC,1434,IC 1434,IC 1434,,1434,OCl,True
Lac,OC,NGC7243,OCL  221          ,22 15.1,+49 54,6.4,30.0,30.0,NGC,7243,NGC 7243,,,7243,OCl,True
Lac,OC,NGC7245,OCL  225          ,22 15.3,+54 20,9.2,5.0,5.0,NGC,7245,NGC 7245,,,7245,OCl,True
Leo,GAL,NGC2903,UGC 5079         ,09 32.2,+21 30,9,12.0,5.6,NGC,2903,NGC 2903,,,2903,G,True
Leo,GAL,NGC3226,UGC 5617         ,10 23.4,+19 54,11.4,2.5,2.2,NGC,3226,NGC 3226,,,3226,G,True
Leo,GAL,NGC3227,UGC 5620         ,10 23.5,+19 52,10.3,6.6,5.0,NGC,3227,NGC 3227,,,3227,G,True
Leo,GAL,NGC3351,M95,10 44.0,+11 42,9.7,7.3,4.4,M,95,M 95,,M 95,95,G,True
Leo,GAL,NGC3368,M96,10 46.8,+11 49,9.3,7.8,5.2,M,96,M 96,,M 96,96,G,True
Leo,GAL,NGC3379,M105,10 47.8,+12 35,9.3,5.3,4.8,M,105,M 105,,M 105,105,G,True
Leo,GAL,NGC3384,3371,10 48.3,+12 38,9.9,5.4,2.7,NGC,3384,NGC 3384,,,3384,G,True
Leo,GAL,NGC3373,3389,10 48.5,+12 32,12.5p,2.9,1.3,NGC,3373,NGC 3373,,,3373,G,True
Leo,GAL,NGC3507,UGC 6123         ,11 03.4,+18 08,10.9,3.4,2.9,NGC,3507,NGC 3507,,,3507,G,True
Leo,GAL,NGC3521,UGC 6150         ,11 05.8,-00 02,9,11.2,5.4,NGC,3521,NGC 3521,,,3521,G,True
Leo,GAL,NGC3623,M65/The Trio in Leo,11 18.9,+13 05,9.3,9.0,2.3,M,65,M 65,,M 65,65,G,True
Leo,GAL,NGC3627,M66/The Trio in Leo,11 20.2,+13 00,8.9,9.1,4.1,M,66,M 66,,M 66,66,G,True
Leo,GAL,NGC3628,"KING HAMLET'S GHOST/The Trio in Leo,HOTDOG GAL",11 20.3,+13 35,9.5,13.1,3.1,NGC,3628,NGC 3628,,,3628,G,True
Lep,GC,NGC1904,M79,05 24.2,-24 31,7.7,9.6,9.6,M,79,M 79,,M 79,79,GCl,True
Lep,PN,IC418,"SPIROGRAPH NEBULA, RASPBERRY NEBULA",05 27.5,-12 42,10.7,0.23,0.18,IC,418,IC 418,IC 418,,418,PN,True
Lep,GAL,NGC1964,ESO 554-10        ,05 33.4,-21 57,10.8,5.5,2.1,NGC,1964,NGC 1964,,,1964,G,True
Lib,GC,NGC5897,GHOST GLOBULAR,15 17.4,-21 01,8.5,12.6,12.6,NGC,5897,NGC 5897,,,5897,GCl,True
Lmi,GAL,NGC3003,UGC 5251         ,09 48.6,+33 25,11.9,5.7,1.4,NGC,3003,NGC 3003,,,3003,G,True
Lmi,GAL,NGC3344,SLICED ONION GALAXY,10 43.5,+24 55,9.9,7.1,6.8,NGC,3344,NGC 3344,,,3344,G,True
Lmi,GAL,NGC3432,THE KNITTING NEEDLE GALAXY,10 52.5,+36 37,11.3,6.6,1.6,NGC,3432,NGC 3432,,,3432,G,True
Lup,GC,NGC5986,Dunlop 552        ,15 46.1,-37 47,7.6,9.6,9.6,NGC,5986,NGC 5986,,,5986,GCl,True
Lyn,GC,NGC2419,THE INTERGALACTIC WANDERER         ,07 38.1,+38 53,10.3,4.6,4.6,NGC,2419,NGC 2419,,,2419,GCl,True
Lyn,GAL,NGC2537,Bear Paw Galaxy,08 13.2,+45 59,11.7,3.1,2.7,NGC,2537,NGC 2537,,,2537,G,True
Lyn,GAL,NGC2683,UFO GALAXY,08 52.7,+33 25,9.8,8.8,2.5,NGC,2683,NGC 2683,,,2683,G,True
Lyr,PN,NGC6720,M57 RING NEBULA,18 53.6,+33 02,9.4,1.43,1.03,M,57,M 57,,M 57,57,PN,True
Lyr,GC,NGC6779,M56,19 16.6,+30 11,8.4,8.8,8.8,M,56,M 56,,M 56,56,GCl,True
Lyr,OC,NGC6791,OCL  142          ,19 20.9,+37 46,9.5,10.0,10.0,NGC,6791,NGC 6791,,,6791,OCl,True
Mon,OC,NGC2225,2226=ctr of cluster,06 26.6,-09 38,14.0p,1.5,1.5,NGC,2225,NGC 2225,,,2225,OCl,True
Mon,OC,NGC2236,OCL  501          ,06 29.7,+06 50,8.5,8.0,8.0,NGC,2236,NGC 2236,,,2236,OCl,True
Mon,BN,NGC2237/2238/2239/2246,The Rosette Nebula,06 31.9,+04 57,5.5,80.0,60.0,NGC,2237,NGC 2237,,,2237,Neb,True
Mon,OC,NGC2244 CLUSTER IN ROS.,cluster in the Rosette,06 32.3,+04 51,4.8,30.0,30.0,NGC,2244 CLUSTER IN ROS,NGC 2244 CLUSTER IN ROS,,,2244,OCl,True
Mon,OC,NGC2251,OCL  499          ,06 34.6,+08 22,7.3,10.0,10.0,NGC,2251,NGC 2251,,,2251,OCl,True
Mon,OC,NGC2254,OCL  500          ,06 35.8,+07 40,9.1,6.0,6.0,NGC,2254,NGC 2254,,,2254,OCl,True
Mon,OC,NGC2259,OCL  492          ,06 38.6,+10 53,10.8,3.5,3.5,NGC,2259,NGC 2259,,,2259,OCl,True
Mon,BN,NGC2261,HUBBLE'S VARIABLE NEBULA,06 39.2,+08 45,?,2.0,1.0,NGC,2261,NGC 2261,,,2261,Neb,True
Mon,N+CL,NGC2264,CHRISTMAS TREE CLUSTER/CONE NEBULA,06 41.0,+09 54,4.1,40.0,40.0,NGC,2264,NGC 2264,,,2264,Cl+N,True
Mon,OC,NGC2269,"OCL  524,Z95,HEAD HUNTER,STARFIGHTER""        ",06 43.3,+04 37,10,3.0,3.0,NGC,2269,NGC 2269,,,2269,OCl,True
Mon,OC,NGC2286,OCL  548          ,06 47.7,-03 09,7.5,15.0,15.0,NGC,2286,NGC 2286,,,2286,OCl,True
Mon,OC,NGC2301,HAGRID'S DRAGON,06 51.8,+00 28,6,15.0,15.0,NGC,2301,NGC 2301,,,2301,OCl,True
Mon,OC,NGC2309,OCL  557          ,06 56.1,-07 10,10.5,5.0,5.0,NGC,2309,NGC 2309,,,2309,OCl,True
Mon,BN,NGC2316,2317,06 59.7,-07 47,?,4.0,4.0,NGC,2316,NGC 2316,,,2316,Neb,True
Mon,OC,NGC2323,M50/Heart-Shaped Cluster,07 02.8,-08 23,5.9,15.0,15.0,M,50,M 50,,M 50,50,OCl,True
Mon,OC,NGC2353,AVERY'S ISLAND,07 14.5,-10 16,7.1,18.0,18.0,NGC,2353,NGC 2353,,,2353,OCl,True
Mon,OC,NGC2506,OCL  593          ,08 00.0,-10 46,7.6,12.0,12.0,NGC,2506,NGC 2506,,,2506,OCl,True
Oph,GC,NGC6171,"M107, THE CRUCIFIX CLUSTER",16 32.5,-13 03,7.8,13.0,13.0,M,107,M 107,,M 107,107,GCl,True
Oph,GC,NGC6218,M12,16 47.2,-01 57,6.1,16.0,16.0,M,12,M 12,,M 12,12,GCl,True
Oph,GC,NGC6254,M10,16 57.1,-04 06,6.6,20.0,20.0,M,10,M 10,,M 10,10,GCl,True
Oph,GC,NGC6266,M62 FLICKERING GLOBULAR,17 01.2,-30 07,6.4,15.0,15.0,M,62,M 62,,M 62,62,GCl,True
Oph,GC,NGC6273,M19,17 02.6,-26 16,6.8,17.0,17.0,M,19,M 19,,M 19,19,GCl,True
Oph,GC,NGC6284,GCL  53           ,17 04.5,-24 46,8.9,6.2,6.2,NGC,6284,NGC 6284,,,6284,GCl,True
Oph,PN,NGC6309,"The Box Nebula, THE SHOEPRINT NEB.,the exclamation mark!",17 14.1,-12 55,11.6,0.33,0.17,NGC,6309,NGC 6309,,,6309,PN,True
Oph,GC,NGC6316,GCL  57           ,17 16.6,-28 08,8.1,5.4,5.4,NGC,6316,NGC 6316,,,6316,GCl,True
Oph,GC,NGC6333,M9,17 19.2,-18 31,7.8,12.0,12.0,M,9,M 9,,M 9,9,GCl,True
Oph,GC,NGC6356,GCL  62           ,17 23.6,-17 49,8.2,10.0,10.0,NGC,6356,NGC 6356,,,6356,GCl,True
Oph,PN,NGC6369,LITTLE GHOST NEBULA,17 29.3,-23 46,11,0.5,0.48,NGC,6369,NGC 6369,,,6369,PN,True
Oph,GC,NGC6402,M14,17 37.6,-03 15,7.6,11.0,11.0,M,14,M 14,,M 14,14,GCl,True
Oph,OC,IC4665,Poseidon'd Trident,17 46.2,+05 43,4.2,70.0,70.0,IC,4665,IC 4665,IC 4665,,4665,OCl,True
Oph,PN,NGC6572,"EMERALD EYE PLANETARY, BLUE RACQUETBALL",18 12.1,+06 51,8,0.25,0.2,NGC,6572,NGC 6572,,,6572,PN,True
Oph,OC,NGC6633,nan,18 27.2,+06 30,4.6,20.0,20.0,NGC,6633,NGC 6633,,,6633,OCl,True
Ori,BN,NGC1973/1975(NEBULA),MERMAID'S PURSE NEBULA/RUNNING MAN NEBULA,05 35.1,-04 44,7,10.0,10.0,NGC,1973,NGC 1973,,,1973,Neb,True
Ori,OC,NGC1981,COAL CAR CLUSTER-JUST N. OF 1973/5/7,05 35.2,-04 26,4.2,28.0,28.0,NGC,1981,NGC 1981,,,1981,OCl,True
Ori,N+CL,NGC1976,M42 ORION NEBULA,05 35.3,-05 23,4,47.0,60.0,M,42,M 42,,M 42,42,Cl+N,True
Ori,N+CL,NGC1977(CLUSTER),CLUSTER IN NGC1973/1975,05 35.3,-04 49,7,20.0,10.0,NGC,1977,NGC 1977,,,1977,Cl+N,True
Ori,N+CL,NGC1980,The Lost Jewel of Orion=CLUSTER WITH NEBULA       ,05 35.4,-05 55,2.5,15.0,14.0,NGC,1980,NGC 1980,,,1980,Cl+N,True
Ori,BN,NGC1982,M43/De Mairan's Nebula,05 35.5,-05 16,9,20.0,15.0,M,43,M 43,,M 43,43,Neb,True
Ori,BN,NGC1999,"13TH PEARL NEBULA, BLACK EYE NEBULA",05 36.5,-06 42,9.2,2.0,2.0,NGC,1999,NGC 1999,,,1999,Neb,True
Ori,BN,NGC2024,LIPS NEBULA/FLAME NEBULA/MAPLE LEAF NEB./TANK NEB.,05 41.7,-01 51,?,30.0,22.0,NGC,2024,NGC 2024,,,2024,Neb,True
Ori,PN,NGC2022,"KISSING CRESCENTS NEBULA, ORION'S COLLARBONE NEB.",05 42.1,+09 05,11.6,0.45,0.45,NGC,2022,NGC 2022,,,2022,PN,True
Ori,BN,NGC2068,M78 CASPER THE FRIENDLY GHOST,05 46.8,+00 05,8,8.0,6.0,M,78,M 78,,M 78,78,Neb,True
Ori,OC,NGC2141,OCL  487          ,06 02.9,+10 27,9.4,10.0,10.0,NGC,2141,NGC 2141,,,2141,OCl,True
Ori,OC,NGC2169,"SHOPPING CART CLUSTER/""37"" Cluster",06 08.4,+13 58,5.9,6.0,6.0,NGC,2169,NGC 2169,,,2169,OCl,True
Ori,OC,NGC2194,OCL  495          ,06 13.8,+12 48,8.5,9.0,9.0,NGC,2194,NGC 2194,,,2194,OCl,True
Peg,GAL,NGC7814,"UGC 8 THE LITTLE SOMBRERO, ELECTRIC ARC GAL.",00 03.2,+16 09,11,5.5,2.3,NGC,7814,NGC 7814,,,7814,G,True
Peg,GC,NGC7078,M15 PEGASUS CLUSTER,21 30.0,+12 10,6.3,18.0,18.0,M,15,M 15,,M 15,15,GCl,True
Peg,GAL,NGC7331,UGC 12113(Deer Lick Group with the companions)      ,22 37.1,+34 25,9.5,10.2,4.2,NGC,7331,NGC 7331,,,7331,G,True
Peg,GAL,NGC7479,"UGC 12343, Superman Galaxy",23 04.9,+12 19,10.9,4.0,3.1,NGC,7479,NGC 7479,,,7479,G,True
Per,PN,NGC650/651,"M76 LITTLE DUMBBELL, the Barbell, The Cork""          ",01 42.3,+51 35,11,2.7,1.78,M,76,M 76,,M 76,76,PN,True
Per,OC,NGC869,PERSEUS DOUBLE CLUSTER,02 19.1,+57 08,5.3,18.0,18.0,NGC,869,NGC 869,,,869,OCl,True
Per,OC,NGC884,PERSEUS DOUBLE CLUSTER,02 22.1,+57 08,6.1,18.0,18.0,NGC,884,NGC 884,,,884,OCl,True
Per,GAL,NGC1003,UGC 2137         ,02 39.3,+40 52,11.4,5.7,2.2,NGC,1003,NGC 1003,,,1003,G,True
Per,GAL,NGC1023,"UGC 2154, PERSEUS LENTICULAR""       ",02 40.4,+39 04,9.4,8.1,3.4,NGC,1023,NGC 1023,,,1023,G,True
Per,OC,NGC1039,M34,02 42.1,+42 45,5.2,25.0,25.0,M,34,M 34,,M 34,34,OCl,True
Per,GAL,NGC1160,UGC 2475         ,03 01.2,+44 57,12.8,1.9,0.9,NGC,1160,NGC 1160,,,1160,G,True
Per,OC,NGC1245,PATRICK STARFISH,03 14.7,+47 14,8.4,10.0,10.0,NGC,1245,NGC 1245,,,1245,OCl,True
Per,BN,NGC1333,EMBRYO NEBULA,03 29.3,+31 25,5.7,6.0,3.0,NGC,1333,NGC 1333,,,1333,Neb,True
Per,OC,NGC1342,STINGRAY CLUSTER,03 31.7,+37 22,6.7,17.0,17.0,NGC,1342,NGC 1342,,,1342,OCl,True
Per,OC,NGC1444,OCL  394          ,03 49.4,+52 39,6.6,4.0,4.0,NGC,1444,NGC 1444,,,1444,OCl,True
Per,BN,NGC1491,FOSSIL FOOTPRINT NEBULA,04 03.2,+51 19,?,6.0,9.0,NGC,1491,NGC 1491,,,1491,Neb,True
Per,OC,NGC1528,OCL  397          ,04 15.3,+51 13,6.4,18.0,18.0,NGC,1528,NGC 1528,,,1528,OCl,True
Per,OC,NGC1545,OCL  399          ,04 20.9,+50 15,6.2,12.0,12.0,NGC,1545,NGC 1545,,,1545,OCl,True
Per,BN,NGC1579,THE NORTHERN TRIFID,04 30.2,+35 17,?,3.0,3.0,NGC,1579,NGC 1579,,,1579,Neb,True
Per,OC,Berkeley68,                  ,04 44.5,+42 04,9.8,12.0,12.0,Berkeley,68,Berkeley 68,,,68,OCl,True
Psa,GAL,NGC7174,ESO 466-40        ,22 02.1,-32 00,13.3,2.6,1.5,NGC,7174,NGC 7174,,,7174,G,True
Psa,GAL,NGC7176,ESO 466-41        ,22 02.1,-31 59,11.3,2.1,1.7,NGC,7176,NGC 7176,,,7176,G,True
Psa,GAL,NGC7314,ESO 533-53        ,22 35.8,-26 03,11,4.6,2.0,NGC,7314,NGC 7314,,,7314,G,True
Psa,GAL,IC5271,ESO 406-34        ,22 58.0,-33 45,11.6,2.6,0.9,IC,5271,IC 5271,IC 5271,,5271,G,True
Psc,GAL,NGC128,UGC 292         ,00 29.2,+02 52,11.8,2.8,0.9,NGC,128,NGC 128,,,128,G,True
Psc,GAL,NGC488,Whirligig galaxy,01 21.8,+05 15,10.3,5.4,3.9,NGC,488,NGC 488,,,488,G,True
Psc,GAL,NGC628,M74 PHANTOM GALAXY,01 36.7,+15 47,9.4,10.0,9.4,M,74,M 74,,M 74,74,G,True
Psc,GAL,NGC7541,UGC 12447         ,23 14.7,+04 32,11.7,3.5,1.2,NGC,7541,NGC 7541,,,7541,G,True
Pup,OC,NGC2401,OCL  508          ,07 29.4,-13 58,12.6,2.0,2.0,NGC,2401,NGC 2401,,,2401,OCl,True
Pup,OC,NGC2421,OCL  626          ,07 36.2,-20 37,8.3,8.0,8.0,NGC,2421,NGC 2421,,,2421,OCl,True
Pup,OC,NGC2422,M47,07 36.6,-14 29,4.4,25.0,25.0,M,47,M 47,,M 47,47,OCl,True
Pup,OC,Melotte71,Collinder 155            ,07 37.5,-12 03,7.1,8.0,8.0,Melotte,71,Melotte 71,,,71,OCl,True
Pup,OC,NGC2425,OCL  599          ,07 38.3,-14 53,?,3.3,3.3,NGC,2425,NGC 2425,,,2425,OCl,True
Pup,OC,NGC2439,OCL  688          ,07 40.8,-31 42,6.9,9.0,9.0,NGC,2439,NGC 2439,,,2439,OCl,True
Pup,OC,NGC2437,M46,07 41.8,-14 49,6.1,20.0,20.0,M,46,M 46,,M 46,46,OCl,True
Pup,PN,NGC2438,PK231+4.2   (in M46)     ,07 41.8,-14 44,11,1.08,1.08,NGC,2438,NGC 2438,,,2438,PN,True
Pup,PN,NGC2440,"ALBINO BUTTERFLY NEBULA,BURNING EMBER,BAT NEB.",07 41.9,-18 13,11.5,0.9,0.33,NGC,2440,NGC 2440,,,2440,PN,True
Pup,OC,NGC2447,M93,07 44.5,-23 51,6.2,10.0,10.0,M,93,M 93,,M 93,93,OCl,True
Pup,OC,NGC2451,STINGING SCORPION CLUSTER,07 45.4,-37 57,2.8,50.0,50.0,NGC,2451,NGC 2451,,,2451,OCl,True
Pup,PN,NGC2452,PK243-1.1   (in same field as 2453)     ,07 47.4,-27 20,11.9,0.5,0.4,NGC,2452,NGC 2452,,,2452,PN,True
Pup,OC,NGC2453,OCL  670          ,07 47.6,-27 12,8.3,4.0,4.0,NGC,2453,NGC 2453,,,2453,OCl,True
Pup,OC,NGC2477,TERMITE HOLE CLUSTER      ,07 52.2,-38 32,5.8,20.0,20.0,NGC,2477,NGC 2477,,,2477,OCl,True
Pup,BN+OC,NGC2467,"OC HAFFNER 18 & 19 WITHIN THE NEB.,CHAINED BROOCH NEB.,SKULL & CROSSBONES NEB.",07 52.5,-26 24,8,16.0,12.0,NGC,2467,NGC 2467,,,2467,Cl+N,True
Pup,OC,NGC2479,OCL  623          ,07 55.1,-17 42,9.6,11.0,11.0,NGC,2479,NGC 2479,,,2479,OCl,True
Pup,OC,NGC2489,OCL  690          ,07 56.3,-30 04,7.9,5.0,5.0,NGC,2489,NGC 2489,,,2489,OCl,True
Pup,OC,NGC2509,OCL  630          ,08 00.8,-19 03,9.3,12.0,12.0,NGC,2509,NGC 2509,,,2509,OCl,True
Pup,OC,NGC2533,OCL  695          ,08 07.0,-29 52,7.6,6.0,6.0,NGC,2533,NGC 2533,,,2533,OCl,True
Pup,OC,NGC2539,THE DISH CLUSTER,08 10.6,-12 49,6.5,15.0,15.0,NGC,2539,NGC 2539,,,2539,OCl,True
Pup,OC,NGC2546,HEART&DAGGER CLUSTER,08 12.4,-37 37,6.3,70.0,70.0,NGC,2546,NGC 2546,,,2546,OCl,True
Pup,OC,NGC2567,OCL  708          ,08 18.5,-30 39,7.4,11.0,11.0,NGC,2567,NGC 2567,,,2567,OCl,True
Pup,OC,NGC2588,OCL  715          ,08 23.2,-32 59,11.8,2.0,2.0,NGC,2588,NGC 2588,,,2588,OCl,True
Scl,GAL,NGC55,Dunlop 507        ,00 15.1,-39 11,7.9,31.2,5.9,NGC,55,NGC 55,,,55,G,True
Scl,GAL,NGC134,GIANT SQUID GALAXY,00 30.4,-33 15,10,8.5,1.9,NGC,134,NGC 134,,,134,G,True
Scl,GAL,NGC253,ESO 474-29/Sculptor Galaxy/SILVER COIN GAL.  ,00 47.6,-25 18,7.2,26.4,6.0,NGC,253,NGC 253,,,253,G,True
Scl,GC,NGC288,ESO 474-SC37      ,00 52.8,-26 35,8.1,13.0,13.0,NGC,288,NGC 288,,,288,GCl,True
Scl,GAL,NGC300,ESO 295-20        ,00 54.9,-37 41,8.1,19.3,13.3,NGC,300,NGC 300,,,300,G,True
Scl,GAL,NGC7793,BOND'S GALAXY,23 57.8,-32 36,9.1,9.6,6.4,NGC,7793,NGC 7793,,,7793,G,True
Sco,GC,NGC6093,M80            ,16 17.0,-22 59,7.3,5.1,5.1,M,80,M 80,,M 80,80,GCl,True
Sco,GC,NGC6121,M4 CRAB OR SPIDER GLOBULAR,16 23.6,-26 32,5.4,36.0,36.0,M,4,M 4,,M 4,4,GCl,True
Sco,GC,NGC6144,GCL  42           ,16 27.2,-26 01,9,7.4,7.4,NGC,6144,NGC 6144,,,6144,GCl,True
Sco,OC,NGC6242,OCL 1001          ,16 55.5,-39 28,6.4,9.0,9.0,NGC,6242,NGC 6242,,,6242,OCl,True
Sco,OC,NGC6281,MOTH WING CLUSTER,17 04.8,-37 53,5.4,8.0,8.0,NGC,6281,NGC 6281,,,6281,OCl,True
Sco,PN,NGC6302,BUG NEBULA/BUTTERFLY NEB.,17 13.7,-37 06,9.6,1.2,0.5,NGC,6302,NGC 6302,,,6302,PN,True
Sco,OC,NGC6383,6374,17 34.7,-32 35,5.5,20.0,20.0,NGC,6383,NGC 6383,,,6383,OCl,True
Sco,OC,NGC6404,OCL 1024          ,17 39.6,-33 14,10.6,6.0,6.0,NGC,6404,NGC 6404,,,6404,OCl,True
Sco,OC,NGC6400,PHANTOM CLUSTER,17 40.2,-36 58,8.8,12.0,12.0,NGC,6400,NGC 6400,,,6400,OCl,True
Sco,OC,NGC6405,M6 BUTTERFLY CLUSTER,17 40.3,-32 15,4.2,33.0,33.0,M,6,M 6,,M 6,6,OCl,True
Sco,OC,NGC6444,Ruprecht132            ,17 49.6,-34 49,?,12.0,12.0,NGC,6444,NGC 6444,,,6444,OCl,True
Sco,GC,NGC6441,SILVER NUGGET CLUSTER,17 50.2,-37 03,7.2,9.6,9.6,NGC,6441,NGC 6441,,,6441,GCl,True
Sco,OC,NGC6451,OCL 1035/Tom Thumb Cluster      ,17 50.7,-30 13,8.2,8.0,8.0,NGC,6451,NGC 6451,,,6451,OCl,True
Sct,OC,NGC6649,OCL   66          ,18 33.5,-10 24,8.9,6.0,6.0,NGC,6649,NGC 6649,,,6649,OCl,True
Sct,OC,NGC6664,SANTA'S SLEIGH CLUSTER,18 36.5,-08 11,7.8,12.0,12.0,NGC,6664,NGC 6664,,,6664,OCl,True
Sct,OC,NGC6694,M26,18 45.2,-09 23,8,10.0,10.0,M,26,M 26,,M 26,26,OCl,True
Sct,OC,NGC6705,M11 WILD DUCK CLUSTER,18 51.1,-06 16,5.8,11.0,11.0,M,11,M 11,,M 11,11,OCl,True
Sct,GC,NGC6712,GCL 103           ,18 53.1,-08 42,8.1,9.8,9.8,NGC,6712,NGC 6712,,,6712,GCl,True
Ser,GC,NGC5904,M5 ROSE CLUSTER,15 18.6,+02 05,5.8,19.9,19.9,M,5,M 5,,M 5,5,GCl,True
Ser,GC,NGC6539,GCL  85           ,18 04.8,-07 35,8.9,7.9,7.9,NGC,6539,NGC 6539,,,6539,GCl,True
Ser,OC,Trumpler32,Harvard 19        ,18 17.2,-13 21,12.2,12.0,12.0,Trumpler,32,Trumpler 32,,,32,OCl,True
Ser,OC,NGC6611,M16 EAGLE NEBULA--the cluster,18 18.8,-13 47,6,8.0,8.0,M,16,M 16,,M 16,16,OCl,True
Ser,BN+OC,IC4703(BN),M16 EAGLE NEBULA--the nebula/Star Queen Nebula,18 18.8,-13 50,?,28.0,17.0,M,16,M 16,IC 4703,M 16,16,Cl+N,True
Ser,OC,IC4756,TWEEDLEDEE CLUSTER,18 38.9,+05 26,4.6,40.0,40.0,IC,4756,IC 4756,IC 4756,,4756,OCl,True
Sex,GAL,NGC3115,MCG - 1-26- 18 SPINDLE GAL.   ,10 05.2,-07 43,8.9,7.3,3.4,NGC,3115,NGC 3115,,,3115,G,True
Sge,OC,Harvard20,                  ,19 53.2,+18 21,7.7,8.0,8.0,Harvard,20,Harvard 20,,,20,OCl,True
Sge,GC,NGC6838,M71 ANGELFISH CLUSTER (ARROWHEAD),19 53.8,+18 47,8.4,6.1,6.1,M,71,M 71,,M 71,71,GCl,True
Sgr,GC,NGC6440,GCL  77           ,17 48.9,-20 22,9.3,4.4,4.4,NGC,6440,NGC 6440,,,6440,GCl,True
Sgr,PN,NGC6445,BOX NEBULA (in same field as 6440)/COFFIN NEB.,17 49.3,-20 01,13,0.58,0.5,NGC,6445,NGC 6445,,,6445,PN,True
Sgr,OC,NGC6494,M23,17 56.9,-19 01,5.5,25.0,25.0,M,23,M 23,,M 23,23,OCl,True
Sgr,OC,NGC6507,OCL   32          ,17 59.8,-17 27,9.6,8.0,8.0,NGC,6507,NGC 6507,,,6507,OCl,True
Sgr,N+CL,NGC6514,M20 TRIFID NEBULA,18 02.5,-23 01,6.3,30.0,30.0,M,20,M 20,,M 20,20,Cl+N,True
Sgr,DN,B86,"Forms a pairing with NGC6520 open cluster, INKSPOT NEB.",18 03.0,-27 52,,6.0,4.0,B,86,B 86,,,86,DrkN,True
Sgr,OC,NGC6520,"DEAD MAN'S CHEST CLUSTER, NEXT TO B86",18 03.4,-27 53,7.6,5.0,5.0,NGC,6520,NGC 6520,,,6520,OCl,True
Sgr,GC,NGC6522,GCL  82           ,18 03.6,-30 02,9.9,9.4,9.4,NGC,6522,NGC 6522,,,6522,GCl,True
Sgr,OC,NGC6531,M21,18 04.2,-22 30,5.9,16.0,16.0,M,21,M 21,,M 21,21,OCl,True
Sgr,BN,NGC6523,M8 LAGOON NEBULA (Cluster = 6530),18 04.4,-24 23,4.6,15.0,30.0,M,8,M 8,,M 8,8,Neb,True
Sgr,OC,NGC6530,OCL   19   in Lagoon Nebula(6523)    ,18 04.5,-24 21,4.6,15.0,15.0,NGC,6530,NGC 6530,,,6530,OCl,True
Sgr,GC,NGC6528,GCL  84           ,18 04.8,-30 03,9.6,5.0,5.0,NGC,6528,NGC 6528,,,6528,GCl,True
Sgr,GC,NGC6540,                  ,18 06.1,-27 46,14.6,1.5,1.5,NGC,6540,NGC 6540,,,6540,GCl,True
Sgr,GC,NGC6544,STARFISH CLUSTER,18 07.3,-25 00,7.5,9.2,9.2,NGC,6544,NGC 6544,,,6544,GCl,True
Sgr,GC,NGC6553,GCL  88           ,18 09.3,-25 54,8.3,9.2,9.2,NGC,6553,NGC 6553,,,6553,GCl,True
Sgr,GC,NGC6558,GCL  89           ,18 10.3,-31 46,9.3,10.4,10.4,NGC,6558,NGC 6558,,,6558,GCl,True
Sgr,PN,NGC6563,THE SOUTHERN RING NEBULA,18 12.0,-33 52,13,0.9,0.68,NGC,6563,NGC 6563,,,6563,PN,True
Sgr,DN,B92,on northside of M24,18 15.6,-18 14,,15.0,9.0,B,92,B 92,,,92,DrkN,True
Sgr,DN,B93,on northside of M24,18 16.9,-18 04,,8.0,3.0,B,93,B 93,,,93,DrkN,True
Sgr,OC,NGC6603,in M24,18 18.5,-18 24,11.1,4.0,4.0,NGC,6603,NGC 6603,,,6603,OCl,True
Sgr,OC,NGC6613,M18 BLACK SWAN CLUSTER,18 20.0,-17 06,6.9,7.0,7.0,M,18,M 18,,M 18,18,OCl,True
Sgr,N+CL,NGC6618,M17 SWAN NEB./OMEGA NEBULA/CHECKMARK NEB.,18 21.1,-16 11,6,27.0,27.0,M,17,M 17,,M 17,17,Cl+N,True
Sgr,GC,NGC6624,GCL  93           ,18 23.7,-30 22,7.6,8.8,8.8,NGC,6624,NGC 6624,,,6624,GCl,True
Sgr,GC,NGC6626,M28,18 24.5,-24 52,6.9,13.8,13.8,M,28,M 28,,M 28,28,GCl,True
Sgr,PN,NGC6629,"PK9-5.1,H II 204",18 25.7,-23 12,10.5,0.27,0.23,NGC,6629,NGC 6629,,,6629,PN,True
Sgr,GC,NGC6638,GCL  95           ,18 30.9,-25 30,9.2,7.3,7.3,NGC,6638,NGC 6638,,,6638,GCl,True
Sgr,GC,NGC6637,M69,18 31.4,-32 21,7.7,9.8,9.8,M,69,M 69,,M 69,69,GCl,True
Sgr,OC,IC4725,M25,18 31.8,-19 07,4.6,26.0,26.0,M,25,M 25,IC 4725,M 25,25,OCl,True
Sgr,GC,NGC6642,GCL  97           ,18 31.9,-23 29,8.9,5.8,5.8,NGC,6642,NGC 6642,,,6642,GCl,True
Sgr,OC,NGC6645,OCL   48          ,18 32.6,-16 53,8.5,15.0,15.0,NGC,6645,NGC 6645,,,6645,OCl,True
Sgr,GC,NGC6656,M22 GREAT SAGITTARIUS CLUSTER,18 36.4,-23 54,5.2,32.0,32.0,M,22,M 22,,M 22,22,GCl,True
Sgr,GC,NGC6681,M70,18 43.2,-32 18,7.8,8.0,8.0,M,70,M 70,,M 70,70,GCl,True
Sgr,PN,IC4776,PK2-13.1         ,18 45.8,-33 21,12.5,0.13,0.1,IC,4776,IC 4776,IC 4776,,4776,PN,True
Sgr,GC,NGC6715,M54,18 55.1,-30 29,7.7,12.0,12.0,M,54,M 54,,M 54,54,GCl,True
Sgr,GC,NGC6717,Palomar 9             ,18 55.1,-22 42,8.4,5.4,5.4,NGC,6717,NGC 6717,,,6717,GCl,True
Sgr,GC,NGC6723,Dunlop 573/CHANDELIER CLUSTER     ,18 59.6,-36 38,6.8,13.0,13.0,NGC,6723,NGC 6723,,,6723,GCl,True
Sgr,GC,NGC6809,M55 SPECTER CLUSTER,19 40.0,-30 58,6.3,19.0,19.0,M,55,M 55,,M 55,55,GCl,True
Sgr,PN,NGC6818,LITTLE GEM NEBULA,19 44.0,-14 09,10,0.37,0.25,NGC,6818,NGC 6818,,,6818,PN,True
Sgr,GAL,NGC6822,IC 4895/Barnard's Galaxy      ,19 44.9,-14 48,8.8,15.4,14.2,NGC,6822,NGC 6822,,,6822,G,True
Sgr,GC,NGC6864,M75,20 06.1,-21 55,8.6,6.8,6.8,M,75,M 75,,M 75,75,GCl,True
Tau,BN,NGC1435,CED  19I     in Pleiades=MEROPE NEB./TEMPEL'S NEBULA   ,03 46.2,+23 46,?,30.0,30.0,NGC,1435,NGC 1435,,,1435,Neb,True
Tau,BN,IC349,Van den Bergh 22   in Pleiades         ,03 46.3,+23 56,?,30.0,30.0,IC,349,IC 349,IC 349,,349,Neb,True
Tau,PN,NGC1514,The PANSY or CRYSTAL BALL NEBULA,04 09.3,+30 47,10.8,2.0,1.5,NGC,1514,NGC 1514,,,1514,PN,True
Tau,BN,NGC1554/1555,"Hind's Variable Nebula, STRUVE'S LOST NEBULA",04 21.9,+19 32,?,0.5,0.5,NGC,1554,NGC 1554,,,1554,Neb,True
Tau,OC,NGC1647,PIRATE MOON CLUSTER,04 45.7,+19 07,6.4,40.0,40.0,NGC,1647,NGC 1647,,,1647,OCl,True
Tau,OC,NGC1746,OCL  452          ,05 03.6,+23 49,6.1,40.0,40.0,NGC,1746,NGC 1746,,,1746,OCl,True
Tau,OC,NGC1817,POOR MAN'S DOUBLE CLUSTER,05 12.5,+16 41,7.7,20.0,20.0,NGC,1817,NGC 1817,,,1817,OCl,True
Tau,SNR,NGC1952,M1 CRAB NEBULA,05 34.5,+22 01,8.4,8.0,4.0,M,1,M 1,,M 1,1,SNR,True
Tri,GAL,NGC598,M33 TRIANGULUM GALAXY,01 33.9,+30 39,5.7,68.7,41.6,M,33,M 33,,M 33,33,G,True
Tri,GAL,NGC669,UGC 1248         ,01 47.3,+35 34,12.3,3.1,0.6,NGC,669,NGC 669,,,669,G,True
Tri,GAL,NGC670,UGC 1250         ,01 47.4,+27 53,12.7,2.1,0.9,NGC,670,NGC 670,,,670,G,True
Tri,GAL,NGC672,UGC 1256         ,01 47.9,+27 26,10.9,7.5,2.6,NGC,672,NGC 672,,,672,G,True
Tri,GAL,NGC684,IC 165           ,01 50.2,+27 39,12.4,3.4,0.7,NGC,684,NGC 684,,,684,G,True
Tri,GAL,NGC751,UGC 1431         ,01 57.6,+33 12,14,1.8,1.8,NGC,751,NGC 751,,,751,G,True
Tri,GAL,NGC784,UGC 1501         ,02 01.3,+28 50,11.7,6.6,1.6,NGC,784,NGC 784,,,784,G,True
Tri,GAL,NGC925,UGC 1913         ,02 27.3,+33 35,10.1,10.9,6.2,NGC,925,NGC 925,,,925,G,True
Tri,GAL,NGC949,UGC 1983         ,02 30.8,+37 08,11.8,2.7,1.7,NGC,949,NGC 949,,,949,G,True
Uma,GAL,NGC2681,UGC 4645         ,08 53.5,+51 19,10.3,3.7,3.7,NGC,2681,NGC 2681,,,2681,G,True
Uma,GAL,NGC2768,UGC 4821         ,09 11.6,+60 02,9.9,8.2,5.3,NGC,2768,NGC 2768,,,2768,G,True
Uma,GAL,NGC2841,TIGER'S EYE GALAXY,09 22.0,+50 59,9.2,7.7,3.6,NGC,2841,NGC 2841,,,2841,G,True
Uma,GAL,NGC3031,M81 BODE'S NEBULA,09 55.6,+69 04,6.9,24.9,11.5,M,81,M 81,,M 81,81,G,True
Uma,GAL,NGC3034,M82 CIGAR GALAXY,09 55.9,+69 41,8.4,10.5,5.1,M,82,M 82,,M 82,82,G,True
Uma,GAL,NGC3079,UGC 5387   THE PHANTOM FRISBEE      ,10 02.0,+55 41,10.9,8.1,1.3,NGC,3079,NGC 3079,,,3079,G,True
Uma,GAL,NGC3077,UGC 5398 THE GARLAND GAL.        ,10 03.3,+68 44,9.9,5.2,4.7,NGC,3077,NGC 3077,,,3077,G,True
Uma,GAL,NGC3184,LITTLE PINWHEEL GALAXY,10 18.3,+41 25,9.8,7.6,7.4,NGC,3184,NGC 3184,,,3184,G,True
Uma,GAL,NGC3556,M108,11 11.5,+55 40,10,8.6,2.4,M,108,M 108,,M 108,108,G,True
Uma,PN,NGC3587,M97 OWL NEBULA,11 14.8,+55 01,11,3.4,3.27,M,97,M 97,,M 97,97,PN,True
Uma,GAL,NGC3631,UGC 6360         ,11 21.0,+53 10,10.4,5.0,4.8,NGC,3631,NGC 3631,,,3631,G,True
Uma,GAL,NGC3675,UGC 6439         ,11 26.1,+43 35,10.2,6.2,3.6,NGC,3675,NGC 3675,,,3675,G,True
Uma,GAL,NGC3718,UGC 6524         ,11 32.6,+53 04,10.8,8.2,3.5,NGC,3718,NGC 3718,,,3718,G,True
Uma,GAL,NGC3726,UGC 6537         ,11 33.3,+47 02,10.4,6.0,4.1,NGC,3726,NGC 3726,,,3726,G,True
Uma,GAL,NGC3877,UGC 6745         ,11 46.1,+47 30,11,5.3,1.2,NGC,3877,NGC 3877,,,3877,G,True
Uma,GAL,NGC3893,UGC 6778         ,11 48.6,+48 43,10.5,4.5,2.4,NGC,3893,NGC 3893,,,3893,G,True
Uma,GAL,NGC3896,UGC 6781         ,11 48.9,+48 40,12.9,1.5,1.0,NGC,3896,NGC 3896,,,3896,G,True
Uma,GAL,NGC3917,UGC 6815         ,11 50.8,+51 49,11.8,5.0,1.1,NGC,3917,NGC 3917,,,3917,G,True
Uma,GAL,NGC3938,UGC 6856         ,11 52.8,+44 07,10.4,5.1,5.0,NGC,3938,NGC 3938,,,3938,G,True
Uma,GAL,NGC3945,UGC 6860         ,11 53.2,+60 40,10.9,6.4,4.2,NGC,3945,NGC 3945,,,3945,G,True
Uma,GAL,NGC3953,UGC 6870         ,11 53.8,+52 19,10.1,6.9,3.6,NGC,3953,NGC 3953,,,3953,G,True
Uma,GAL,NGC3992,M109,11 57.6,+53 22,9.8,7.5,4.4,M,109,M 109,,M 109,109,G,True
Uma,GAL,NGC4605,FABERGE EGG GALAXY,12 40.0,+61 36,10.9,5.8,2.2,NGC,4605,NGC 4605,,,4605,G,True
Uma,GAL,NGC5457,M101 PINWHEEL GALAXY,14 03.2,+54 21,7.9,28.5,28.3,M,101,M 101,,M 101,101,G,True
Vir,GAL,NGC4216,SILVER STREAK GALAXY,12 15.9,+13 09,10,7.8,1.8,NGC,4216,NGC 4216,,,4216,G,True
Vir,GAL,NGC4303,M61 SWELLING SPIRAL,12 21.9,+04 28,9.6,6.5,5.9,M,61,M 61,,M 61,61,G,True
Vir,GAL,NGC4374,M84,12 25.1,+12 53,9.1,6.7,6.0,M,84,M 84,,M 84,84,G,True
Vir,GAL,NGC4406,M86,12 26.2,+12 57,8.9,9.8,6.3,M,86,M 86,,M 86,86,G,True
Vir,GAL,NGC4435,"UGC 7575/The ""Eyes"" , COPELAND'S EYES",12 27.7,+13 05,10.8,3.0,2.2,NGC,4435,NGC 4435,,,4435,G,True
Vir,GAL,NGC4438,"UGC 7574/The ""Eyes"" , COPELAND'S EYES""   ",12 27.8,+13 00,10.2,8.5,3.0,NGC,4438,NGC 4438,,,4438,G,True
Vir,GAL,NGC4472,M49,12 29.8,+08 00,8.4,9.8,8.2,M,49,M 49,,M 49,49,G,True
Vir,GAL,NGC4486,M87,12 30.8,+12 23,8.6,8.7,6.6,M,87,M 87,,M 87,87,G,True
Vir,GAL,NGC4517,4437,12 32.8,+00 07,10.4,10.2,1.7,NGC,4517,NGC 4517,,,4517,G,True
Vir,GAL,NGC4526,HAIRY EYEBROW GALAXY,12 34.0,+07 42,9.7,7.0,2.5,NGC,4526,NGC 4526,,,4526,G,True
Vir,GAL,NGC4535,UGC 7727/The Lost Galaxy of Copeland    ,12 34.3,+08 12,10,6.9,5.4,NGC,4535,NGC 4535,,,4535,G,True
Vir,GAL,NGC4536,UGC 7732         ,12 34.4,+02 11,10.6,7.1,3.1,NGC,4536,NGC 4536,,,4536,G,True
Vir,GAL,NGC4552,M89,12 35.7,+12 33,9.8,5.3,4.8,M,89,M 89,,M 89,89,G,True
Vir,GAL,NGC4567,UGC 7777/The Siamese Twins/FISH& CHIPS GALS.      ,12 36.5,+11 15,11.3,3.1,2.2,NGC,4567,NGC 4567,,,4567,G,True
Vir,GAL,NGC4568,UGC 7777/The Siamese Twins/FISH& CHIPS GALS.      ,12 36.6,+11 14,10.8,4.6,2.2,NGC,4568,NGC 4568,,,4568,G,True
Vir,GAL,NGC4569,M90,12 36.8,+13 10,9.5,9.9,4.4,M,90,M 90,,M 90,90,G,True
Vir,GAL,NGC4579,M58,12 37.7,+11 49,9.7,6.0,4.8,M,58,M 58,,M 58,58,G,True
Vir,GAL,NGC4594,M104 SOMBRERO GALAXY,12 40.0,-11 37,8,8.6,4.2,M,104,M 104,,M 104,104,G,True
Vir,GAL,NGC4621,M59,12 42.0,+11 39,9.6,5.3,4.0,M,59,M 59,,M 59,59,G,True
Vir,GAL,NGC4649,M60,12 43.7,+11 33,8.8,7.6,6.2,M,60,M 60,,M 60,60,G,True
Vir,GAL,NGC4666,UGC 7926         ,12 45.1,-00 28,10.7,4.5,1.4,NGC,4666,NGC 4666,,,4666,G,True
Vir,GAL,NGC4699,VINYL LP GALAXY,12 49.0,-08 40,9.5,3.8,2.8,NGC,4699,NGC 4699,,,4699,G,True
Vir,GAL,NGC5054,MCG - 3-34- 39    ,13 17.0,-16 38,10.9,5.1,2.8,NGC,5054,NGC 5054,,,5054,G,True
Vir,GAL,NGC5363,near 5364,13 56.1,+05 15,10.1,4.0,2.5,NGC,5363,NGC 5363,,,5363,G,True
Vir,GAL,NGC5364,near 5363,13 56.2,+05 01,11.2,6.7,5.4,NGC,5364,NGC 5364,,,5364,G,True
Vir,GC,NGC5634,nan,14 29.6,-05 59,9.5,5.5,5.5,NGC,5634,NGC 5634,,,5634,GCl,True
Vir,GAL,NGC5746,"BLADE&PEARL GALAXY, The Mini Sombrero",14 44.9,+01 57,10.3,6.9,1.2,NGC,5746,NGC 5746,,,5746,G,True
Vir,GAL,NGC5846,nan,15 06.5,+01 36,10,4.9,4.4,NGC,5846,NGC 5846,,,5846,G,True
Vul,OC,NGC6802,OCL  114          ,19 30.6,+20 16,8.8,5.0,5.0,NGC,6802,NGC 6802,,,6802,OCl,True
Vul,CL+N,NGC6820,LBN  135   w/6823 cluster       ,19 43.1,+23 17,15,40.0,30.0,NGC,6820,NGC 6820,,,6820,Cl+N,True
Vul,OC,NGC6823,OCL  124          ,19 43.2,+23 18,7.1,7.0,7.0,NGC,6823,NGC 6823,,,6823,OCl,True
Vul,OC,NGC6830,POODLE CLUSTER,19 51.0,+23 06,7.9,6.0,6.0,NGC,6830,NGC 6830,,,6830,OCl,True
Vul,PN,NGC6853,M27 DUMBBELL NEBULA,19 59.6,+22 43,7.3,8.0,5.67,M,27,M 27,,M 27,27,PN,True
Vul,OC,NGC6885=6882=Collinder416,OCL  152/20 Vulpeculae Cluster       ,20 12.0,+26 29,8.1,20.0,20.0,NGC,6885,NGC 6885,,,6885,OCl,True
Vul,OC,NGC6940,MOTHRA CLUSTER,20 34.5,+28 17,6.3,25.0,25.0,NGC,6940,NGC 6940,,,6940,OCl,True
